{"outfile": "output.json", "S0": 997, "I0": 3, "beta": 0.10675304857968484, "gamma": 0.006757425664478796, "iterations": 100}